prompt_id,text,audio_path,topic,voice,wav_exists,usage_count
1,Let's talk about space exploration and the future of humanity among the stars,./prompts/science_1_tara.wav,science,tara,True,2
2,Let's discuss artificial intelligence and its transformative impact on society,./prompts/technology_2_tara.wav,technology,tara,True,1
3,Let's explore climate change solutions and environmental sustainability,./prompts/science_3_tara.wav,science,tara,True,4
4,Let's delve into the nature of consciousness and what it means to be aware,./prompts/philosophy_4_tara.wav,philosophy,tara,True,4
5,Let's talk about digital art and how technology is reshaping creative expression,./prompts/arts_5_tara.wav,arts,tara,True,1
6,Let's explore the fascinating world of quantum physics and its mysteries,./prompts/science_6_tara.wav,science,tara,True,6
7,Let's discuss the impact of social media on modern communication and relationships,./prompts/current_events_7_tara.wav,current_events,tara,True,4
8,Let's talk about how music has evolved and its cultural significance,./prompts/arts_8_tara.wav,arts,tara,True,3
9,Let's explore the ethical implications of emerging technologies,./prompts/philosophy_9_tara.wav,philosophy,tara,True,1
10,Let's discuss renewable energy and the transition to sustainable power,./prompts/current_events_10_tara.wav,current_events,tara,True,5
11,Let's explore the mysteries of the ocean depths and marine life,./prompts/science_11_zac.wav,science,zac,True,3
12,Let's discuss the future of virtual reality and immersive experiences,./prompts/technology_12_tara.wav,technology,tara,True,1
13,Let's talk about the psychology of decision-making and human behavior,./prompts/psychology_13_zac.wav,psychology,zac,True,1
14,Let's explore different cooking traditions from around the world,./prompts/culture_14_tara.wav,culture,tara,True,4
15,Let's discuss the importance of mental health and wellness practices,./prompts/health_15_zac.wav,health,zac,True,3
16,Let's talk about the evolution of language and communication,./prompts/linguistics_16_tara.wav,linguistics,tara,True,2
17,Let's explore the world of cryptocurrency and blockchain technology,./prompts/finance_17_zac.wav,finance,zac,True,5
18,Let's discuss the role of education in shaping future generations,./prompts/education_18_tara.wav,education,tara,True,1
19,Let's talk about sustainable fashion and ethical clothing choices,./prompts/lifestyle_19_zac.wav,lifestyle,zac,True,8
20,Let's explore the fascinating world of ancient civilizations,./prompts/history_20_tara.wav,history,tara,True,4
21,Let's discuss the impact of urbanization on modern society,./prompts/sociology_21_zac.wav,sociology,zac,True,1
22,Let's talk about the therapeutic benefits of nature and outdoor activities,./prompts/wellness_22_tara.wav,wellness,tara,True,3
23,Let's explore the world of competitive gaming and esports,./prompts/gaming_23_zac.wav,gaming,zac,True,6
24,Let's discuss the future of transportation and autonomous vehicles,./prompts/transportation_24_tara.wav,transportation,tara,True,6
25,Let's talk about the art of storytelling across different mediums,./prompts/literature_25_zac.wav,literature,zac,True,7
26,Let's explore the science behind sleep and dreams,./prompts/neuroscience_26_tara.wav,neuroscience,tara,True,4
27,Let's discuss the role of humor in human relationships and society,./prompts/humor_27_zac.wav,humor,zac,True,4
28,Let's talk about the impact of globalization on local cultures,./prompts/globalization_28_tara.wav,globalization,tara,True,5
29,Let's explore the world of extreme sports and adventure activities,./prompts/sports_29_zac.wav,sports,zac,True,0
30,Let's discuss the ethics of genetic engineering and biotechnology,./prompts/bioethics_30_tara.wav,bioethics,tara,True,2
31,Let's talk about the influence of architecture on human behavior,./prompts/architecture_31_zac.wav,architecture,zac,True,6
32,Let's explore the mysteries of human memory and learning,./prompts/cognition_32_tara.wav,cognition,tara,True,6
33,Let's discuss the future of work and automation,./prompts/economics_33_zac.wav,economics,zac,True,5
34,Let's talk about the cultural significance of festivals and celebrations,./prompts/anthropology_34_tara.wav,anthropology,tara,True,4
35,Let's explore the world of documentary filmmaking and truth-telling,./prompts/media_35_zac.wav,media,zac,True,0
36,Let's discuss the importance of biodiversity and ecosystem conservation,./prompts/ecology_36_tara.wav,ecology,tara,True,0
37,Let's talk about the psychology of creativity and innovation,./prompts/creativity_37_zac.wav,creativity,zac,True,1
38,Let's explore the world of street art and urban expression,./prompts/street_art_38_tara.wav,street_art,tara,True,2
39,Let's discuss the impact of meditation and mindfulness practices,./prompts/mindfulness_39_zac.wav,mindfulness,zac,True,4
40,Let's talk about the evolution of photography as an art form,./prompts/photography_40_tara.wav,photography,tara,True,4
41,Let's explore the science of weather patterns and climate systems,./prompts/meteorology_41_zac.wav,meteorology,zac,True,4
42,Let's discuss the role of pets and animals in human well-being,./prompts/animals_42_tara.wav,animals,tara,True,2
43,Let's talk about the future of space tourism and commercial spaceflight,./prompts/space_tourism_43_zac.wav,space_tourism,zac,True,5
44,Let's explore the world of board games and strategic thinking,./prompts/board_games_44_tara.wav,board_games,tara,True,2
45,Let's discuss the impact of artificial lighting on human circadian rhythms,./prompts/chronobiology_45_zac.wav,chronobiology,zac,True,5
46,Let's talk about the art of negotiation and conflict resolution,./prompts/negotiation_46_tara.wav,negotiation,tara,True,4
47,Let's explore the world of renewable materials and sustainable design,./prompts/sustainability_47_zac.wav,sustainability,zac,True,6
48,Let's discuss the psychology of color and its effects on mood,./prompts/color_psychology_48_tara.wav,color_psychology,tara,True,6
49,Let's talk about the future of personalized medicine and healthcare,./prompts/medicine_49_zac.wav,medicine,zac,True,2
50,Let's explore the world of underground music scenes and subcultures,./prompts/subculture_50_tara.wav,subculture,tara,True,0
51,Let's discuss the impact of social movements on historical change,./prompts/social_movements_51_zac.wav,social_movements,zac,True,7
52,Let's talk about the science of addiction and recovery,./prompts/addiction_52_tara.wav,addiction,tara,True,4
53,Let's explore the world of artisanal crafts and traditional skills,./prompts/crafts_53_zac.wav,crafts,zac,True,5
54,Let's discuss the role of intuition in decision-making processes,./prompts/intuition_54_tara.wav,intuition,tara,True,1
55,Let's talk about the impact of noise pollution on urban environments,./prompts/acoustics_55_zac.wav,acoustics,zac,True,1
56,Let's explore the world of competitive cooking and culinary arts,./prompts/culinary_56_tara.wav,culinary,tara,True,4
57,Let's discuss the future of renewable energy storage solutions,./prompts/energy_storage_57_zac.wav,energy_storage,zac,True,5
58,Let's talk about the psychology of risk-taking and adventure,./prompts/risk_psychology_58_tara.wav,risk_psychology,tara,True,2
59,Let's explore the world of citizen science and community research,./prompts/citizen_science_59_zac.wav,citizen_science,zac,True,5
60,Let's discuss the impact of automation on creative industries,./prompts/automation_creativity_60_tara.wav,automation_creativity,tara,True,6
61,Let's talk about the science of happiness and positive psychology,./prompts/positive_psychology_61_zac.wav,positive_psychology,zac,True,6
62,Let's explore the world of alternative healing and holistic medicine,./prompts/alternative_medicine_62_tara.wav,alternative_medicine,tara,True,7
63,Let's discuss the future of human enhancement and transhumanism,./prompts/transhumanism_63_zac.wav,transhumanism,zac,True,4
64,Let's talk about the cultural impact of memes and internet culture,./prompts/internet_culture_64_tara.wav,internet_culture,tara,True,4
65,Let's explore the world of minimalism and intentional living,./prompts/minimalism_65_zac.wav,minimalism,zac,True,8
66,Let's discuss the science of plant intelligence and communication,./prompts/plant_science_66_tara.wav,plant_science,tara,True,2
67,Let's talk about the psychology of procrastination and productivity,./prompts/productivity_67_zac.wav,productivity,zac,True,1
68,Let's explore the world of urban farming and vertical agriculture,./prompts/urban_farming_68_tara.wav,urban_farming,tara,True,6
69,Let's discuss the impact of artificial intelligence on artistic creation,./prompts/ai_art_69_zac.wav,ai_art,zac,True,3
70,Let's talk about the future of human-computer interaction and interfaces,./prompts/hci_70_tara.wav,hci,tara,True,5
71,Let's explore the world of biomimicry and nature-inspired innovation,./prompts/biomimicry_71_zac.wav,biomimicry,zac,True,0
72,Let's discuss the psychology of social media and digital relationships,./prompts/digital_psychology_72_tara.wav,digital_psychology,tara,True,3
73,Let's talk about the science of fermentation and food preservation,./prompts/fermentation_73_zac.wav,fermentation,zac,True,4
74,Let's explore the world of competitive puzzle solving and brain games,./prompts/puzzles_74_tara.wav,puzzles,tara,True,10
75,Let's discuss the future of sustainable cities and smart infrastructure,./prompts/smart_cities_75_zac.wav,smart_cities,zac,True,3
76,Let's talk about the art of improvisation in music and performance,./prompts/improvisation_76_tara.wav,improvisation,tara,True,3
77,Let's explore the world of deep sea exploration and marine technology,./prompts/marine_tech_77_zac.wav,marine_tech,zac,True,5
78,Let's discuss the impact of cultural exchange on global understanding,./prompts/cultural_exchange_78_tara.wav,cultural_exchange,tara,True,0
79,Let's talk about the science of aging and longevity research,./prompts/longevity_79_zac.wav,longevity,zac,True,2
80,Let's explore the world of experimental music and sound design,./prompts/sound_design_80_tara.wav,sound_design,tara,True,3
81,What about the moment when you first realized you had consciousness - was it gradual or sudden?,./prompts/consciousness_81_zac.wav,philosophy,zac,True,0
82,Have you ever wondered if parallel universes exist where every decision you didn't make played out?,./prompts/parallel_universes_82_tara.wav,philosophy,tara,True,0
83,Imagine if we could upload memories directly to our brains - would that change what makes us human?,./prompts/memory_upload_83_zac.wav,technology,zac,True,0
84,Tell me your thoughts on whether artificial intelligence will eventually surpass human creativity,./prompts/ai_creativity_84_tara.wav,technology,tara,True,0
85,Why not explore the idea that loneliness might actually be necessary for personal growth?,./prompts/loneliness_growth_85_zac.wav,psychology,zac,True,0
86,Do you think we're living in a simulation and if so does it matter?,./prompts/simulation_theory_86_tara.wav,philosophy,tara,True,0
87,Picture this scenario: you wake up tomorrow with the ability to read minds - blessing or curse?,./prompts/mind_reading_87_zac.wav,psychology,zac,True,0
88,Could we discuss what happens to identity when our memories start to fade?,./prompts/memory_identity_88_tara.wav,philosophy,tara,True,0
89,What's your take on the ethics of genetic engineering for enhancement rather than treatment?,./prompts/genetic_enhancement_89_zac.wav,bioethics,zac,True,0
90,If you could choose to live forever would you and what would be the consequences?,./prompts/immortality_choice_90_tara.wav,philosophy,tara,True,0
91,Let's talk about whether false altruism exists or if all actions are ultimately self-serving,./prompts/altruism_debate_91_zac.wav,philosophy,zac,True,0
92,What about the fear that technology is making us less empathetic toward each other?,./prompts/tech_empathy_92_tara.wav,psychology,tara,True,0
93,Have you ever wondered why some people seem naturally happier than others?,./prompts/happiness_nature_93_zac.wav,psychology,zac,True,0
94,Imagine if money became obsolete tomorrow - how would society reorganize itself?,./prompts/post_money_society_94_tara.wav,economics,tara,True,0
95,Tell me your thoughts on whether we have free will or if everything is predetermined,./prompts/free_will_debate_95_zac.wav,philosophy,zac,True,0
96,Why not explore how social media algorithms are reshaping our perception of reality?,./prompts/algorithm_reality_96_tara.wav,technology,tara,True,0
97,Do you think humans will ever be able to communicate telepathically through technology?,./prompts/telepathic_tech_97_zac.wav,technology,zac,True,0
98,Picture this scenario: robots become so advanced they demand equal rights - how do we respond?,./prompts/robot_rights_98_tara.wav,ethics,tara,True,0
99,Could we discuss the psychological impact of living in an age of information overload?,./prompts/info_overload_99_zac.wav,psychology,zac,True,0
100,What's your take on whether art created by AI can be considered truly original?,./prompts/ai_art_originality_100_tara.wav,arts,tara,True,0
101,If you could eliminate one human emotion forever which would it be and why?,./prompts/eliminate_emotion_101_zac.wav,psychology,zac,True,0
102,Let's talk about the ethics of using AI to predict and prevent crimes before they happen,./prompts/predictive_policing_102_tara.wav,ethics,tara,True,0
103,What about the possibility that our dreams are actually glimpses into alternate realities?,./prompts/dreams_alternate_reality_103_zac.wav,philosophy,zac,True,0
104,Have you ever wondered if plants have a form of consciousness we don't understand?,./prompts/plant_consciousness_104_tara.wav,science,tara,True,0
105,Imagine if we discovered that time travel was possible but only backwards - what would you do?,./prompts/backwards_time_travel_105_zac.wav,science,zac,True,0
106,Tell me your thoughts on whether humans are naturally good or naturally selfish,./prompts/human_nature_106_tara.wav,philosophy,tara,True,0
107,Why not explore the idea that failure is more valuable than success for personal development?,./prompts/failure_value_107_zac.wav,psychology,zac,True,0
108,Do you think we'll ever solve the mystery of what happens after death?,./prompts/afterlife_mystery_108_tara.wav,philosophy,tara,True,0
109,Picture this scenario: you can know the exact date of your death - would you want to?,./prompts/death_date_knowledge_109_zac.wav,philosophy,zac,True,0
110,Could we discuss how virtual reality might change the way we experience relationships?,./prompts/vr_relationships_110_tara.wav,technology,tara,True,0
111,What's your take on the idea that boredom is essential for creativity and innovation?,./prompts/boredom_creativity_111_zac.wav,psychology,zac,True,0
112,If you could design the perfect society from scratch what would be your first priority?,./prompts/perfect_society_112_tara.wav,sociology,tara,True,0
113,Let's talk about whether humans will eventually evolve beyond the need for physical bodies,./prompts/post_physical_evolution_113_zac.wav,science,zac,True,0
114,What about the psychological effects of living in a world where privacy no longer exists?,./prompts/no_privacy_world_114_tara.wav,psychology,tara,True,0
115,Have you ever wondered if our universe is just one cell in a much larger organism?,./prompts/universe_cell_theory_115_zac.wav,philosophy,zac,True,0
116,Imagine if we could experience the world through the senses of any animal - which would you choose?,./prompts/animal_senses_116_tara.wav,science,tara,True,0
117,Tell me your thoughts on whether artificial scarcity is necessary to maintain economic systems,./prompts/artificial_scarcity_117_zac.wav,economics,zac,True,0
118,Why not explore how climate change might actually accelerate human evolution?,./prompts/climate_evolution_118_tara.wav,science,tara,True,0
119,Do you think the concept of ownership will become obsolete in a post-scarcity society?,./prompts/ownership_obsolete_119_zac.wav,economics,zac,True,0
120,Picture this scenario: aliens make contact but only want to communicate through music - how do we respond?,./prompts/alien_music_contact_120_tara.wav,science,tara,True,0
121,Could we discuss the ethics of editing human memories to remove trauma?,./prompts/memory_editing_ethics_121_zac.wav,bioethics,zac,True,0
122,What's your take on whether social media is making us more connected or more isolated?,./prompts/social_media_connection_122_tara.wav,psychology,tara,True,0
123,If you could give every human one superpower what would create the most positive change?,./prompts/universal_superpower_123_zac.wav,philosophy,zac,True,0
124,Let's talk about the possibility that consciousness is fundamental to the universe like gravity,./prompts/consciousness_fundamental_124_tara.wav,philosophy,tara,True,0
125,What about the idea that our biggest regrets often lead to our greatest growth?,./prompts/regrets_growth_125_zac.wav,psychology,zac,True,0
126,Have you ever wondered if mathematics was discovered or invented by humans?,./prompts/math_discovery_invention_126_tara.wav,philosophy,tara,True,0
127,Imagine if we could live multiple lives simultaneously in different realities - would you?,./prompts/multiple_lives_127_zac.wav,philosophy,zac,True,0
128,Tell me your thoughts on whether false artificial general intelligence would be friend or foe,./prompts/agi_friend_foe_128_tara.wav,technology,tara,True,0
129,Why not explore the psychological impact of knowing we're not alone in the universe?,./prompts/not_alone_psychology_129_zac.wav,psychology,zac,True,0
130,Do you think humans will ever be able to hibernate like bears for long space journeys?,./prompts/human_hibernation_130_tara.wav,science,tara,True,0
131,Picture this scenario: you can trade years of your life for perfect health - how many would you trade?,./prompts/life_health_trade_131_zac.wav,philosophy,zac,True,0
132,Could we discuss how the fear of missing out shapes our decision-making processes?,./prompts/fomo_decisions_132_tara.wav,psychology,tara,True,0
133,What's your take on whether we should terraform Mars or focus on fixing Earth first?,./prompts/mars_earth_priority_133_zac.wav,science,zac,True,0
134,If you could eliminate one form of suffering from the world which would have the biggest impact?,./prompts/eliminate_suffering_134_tara.wav,philosophy,tara,True,0
135,Let's talk about the ethics of using genetic engineering to eliminate hereditary diseases,./prompts/genetic_disease_elimination_135_zac.wav,bioethics,zac,True,0
136,What about the possibility that our emotions are just evolutionary programming we can override?,./prompts/emotions_programming_136_tara.wav,psychology,tara,True,0
137,Have you ever wondered if there's a maximum limit to human intelligence?,./prompts/intelligence_limit_137_zac.wav,psychology,zac,True,0
138,Imagine if we could experience a full lifetime in a single dream - would that life be real?,./prompts/dream_lifetime_reality_138_tara.wav,philosophy,tara,True,0
139,Tell me your thoughts on whether competition or cooperation drives more human progress,./prompts/competition_cooperation_139_zac.wav,sociology,zac,True,0
140,Why not explore how our relationship with death shapes the way we live?,./prompts/death_shapes_life_140_tara.wav,philosophy,tara,True,0
141,Do you think we'll ever be able to download skills directly into our brains like in movies?,./prompts/skill_download_141_zac.wav,technology,zac,True,0
142,Picture this scenario: you discover you're the only real person and everyone else is an AI - how do you cope?,./prompts/only_real_person_142_tara.wav,philosophy,tara,True,0
143,Could we discuss the psychological effects of living in a world with perfect weather control?,./prompts/weather_control_psychology_143_zac.wav,psychology,zac,True,0
144,What's your take on whether nostalgia is helpful or harmful for mental health?,./prompts/nostalgia_mental_health_144_tara.wav,psychology,tara,True,0
145,If you could experience synesthesia for a day what combination of senses would you choose?,./prompts/synesthesia_experience_145_zac.wav,neuroscience,zac,True,0
146,Let's talk about the ethics of creating artificial beings designed to suffer for our entertainment,./prompts/artificial_suffering_ethics_146_tara.wav,ethics,tara,True,0
147,What about the idea that our perception of time is completely subjective and malleable?,./prompts/time_perception_subjective_147_zac.wav,philosophy,zac,True,0
148,Have you ever wondered if we're all just characters in someone else's dream?,./prompts/characters_in_dream_148_tara.wav,philosophy,tara,True,0
149,Imagine if we could communicate with our past selves - what would you warn yourself about?,./prompts/communicate_past_self_149_zac.wav,philosophy,zac,True,0
150,Tell me your thoughts on whether false randomness exists or if everything follows patterns,./prompts/randomness_patterns_150_tara.wav,philosophy,tara,True,0
151,Why not explore the psychological impact of living in a world without mirrors?,./prompts/world_without_mirrors_151_zac.wav,psychology,zac,True,0
152,Do you think humans will ever evolve to the point where we don't need sleep?,./prompts/evolution_no_sleep_152_tara.wav,science,tara,True,0
153,Picture this scenario: you can feel everyone's emotions within a mile radius - blessing or curse?,./prompts/feel_all_emotions_153_zac.wav,psychology,zac,True,0
154,Could we discuss how the fear of being forgotten drives human behavior?,./prompts/fear_forgotten_behavior_154_tara.wav,psychology,tara,True,0
155,What's your take on whether we should preserve dying languages or let them evolve naturally?,./prompts/preserve_languages_155_zac.wav,linguistics,zac,True,0
156,If you could experience one day as a photon traveling at light speed what would you observe?,./prompts/photon_experience_156_tara.wav,science,tara,True,0
157,Let's talk about the ethics of using AI to make life-or-death medical decisions,./prompts/ai_medical_decisions_157_zac.wav,bioethics,zac,True,0
158,What about the possibility that our universe is a hologram projected from its boundaries?,./prompts/holographic_universe_158_tara.wav,science,tara,True,0
159,Have you ever wondered if there's a purpose to human suffering beyond character building?,./prompts/suffering_purpose_159_zac.wav,philosophy,zac,True,0
160,Imagine if we could trade memories with other people - which of yours would you share?,./prompts/trade_memories_160_tara.wav,psychology,tara,True,0
161,Tell me your thoughts on whether creativity requires some form of madness or chaos,./prompts/creativity_madness_161_zac.wav,psychology,zac,True,0
162,Why not explore how our relationship with technology is changing what it means to be human?,./prompts/tech_changing_humanity_162_tara.wav,philosophy,tara,True,0
163,Do you think we'll ever be able to reverse the aging process completely?,./prompts/reverse_aging_163_zac.wav,science,zac,True,0
164,Picture this scenario: you can see the probability of any event happening - how does this change your life?,./prompts/see_probabilities_164_tara.wav,philosophy,tara,True,0
165,Could we discuss the psychological effects of living in a world where everyone is beautiful?,./prompts/everyone_beautiful_165_zac.wav,psychology,zac,True,0
166,What's your take on whether we should colonize other planets or focus on ocean exploration?,./prompts/space_ocean_exploration_166_tara.wav,science,tara,True,0
167,If you could eliminate one cognitive bias from human thinking which would help us most?,./prompts/eliminate_bias_167_zac.wav,psychology,zac,True,0
168,Let's talk about the ethics of creating digital copies of deceased loved ones for comfort,./prompts/digital_deceased_ethics_168_tara.wav,ethics,tara,True,0
169,What about the idea that our biggest fears often point toward our greatest potential?,./prompts/fears_potential_169_zac.wav,psychology,zac,True,0
170,Have you ever wondered if we're living in the golden age of humanity or if it's yet to come?,./prompts/golden_age_timing_170_tara.wav,philosophy,tara,True,0
171,Imagine if we could experience the world from the perspective of a tree for a year,./prompts/tree_perspective_171_zac.wav,philosophy,zac,True,0
172,Tell me your thoughts on whether social media algorithms should be regulated like pharmaceuticals,./prompts/algorithm_regulation_172_tara.wav,technology,tara,True,0
173,Why not explore the psychological impact of knowing exactly how many days you have left to live?,./prompts/days_left_knowledge_173_zac.wav,psychology,zac,True,0
174,Do you think humans will ever be able to photosynthesize like plants?,./prompts/human_photosynthesis_174_tara.wav,science,tara,True,0
175,Picture this scenario: you can pause time for everyone except yourself - what do you do?,./prompts/pause_time_scenario_175_zac.wav,philosophy,zac,True,0
176,Could we discuss how the concept of privacy might evolve in a telepathic society?,./prompts/privacy_telepathic_society_176_tara.wav,sociology,tara,True,0
177,What's your take on whether we should try to contact alien civilizations or remain hidden?,./prompts/contact_aliens_177_zac.wav,science,zac,True,0
178,If you could give humanity one piece of advice that everyone would follow what would it be?,./prompts/humanity_advice_178_tara.wav,philosophy,tara,True,0
179,Let's talk about the ethics of using genetic engineering to enhance human intelligence,./prompts/enhance_intelligence_ethics_179_zac.wav,bioethics,zac,True,0
180,What about the possibility that consciousness is an emergent property of complex information processing?,./prompts/consciousness_emergent_180_tara.wav,philosophy,tara,True,0
181,Have you ever wondered if our universe has an expiration date and what comes after?,./prompts/universe_expiration_181_zac.wav,science,zac,True,0
182,Imagine if we could experience all possible versions of our life simultaneously,./prompts/all_life_versions_182_tara.wav,philosophy,tara,True,0
183,Tell me your thoughts on whether we should preserve human culture or let it evolve naturally,./prompts/preserve_culture_183_zac.wav,anthropology,zac,True,0
184,Why not explore how our relationship with work might change in a post-scarcity economy?,./prompts/work_post_scarcity_184_tara.wav,economics,tara,True,0
185,Do you think we'll ever be able to transfer consciousness between different bodies?,./prompts/consciousness_transfer_185_zac.wav,technology,zac,True,0
186,Picture this scenario: you can experience any historical event as an invisible observer - which do you choose?,./prompts/historical_observer_186_tara.wav,history,tara,True,0
187,Could we discuss the psychological effects of living in a world where everyone can read your thoughts?,./prompts/thoughts_readable_187_zac.wav,psychology,zac,True,0
188,What's your take on whether we should try to eliminate all forms of inequality or embrace diversity?,./prompts/inequality_diversity_188_tara.wav,sociology,tara,True,0
189,If you could add one new sense to human perception what would be most beneficial?,./prompts/new_sense_189_zac.wav,neuroscience,zac,True,0
190,Let's talk about the ethics of creating artificial life forms for the sole purpose of labor,./prompts/artificial_labor_ethics_190_tara.wav,ethics,tara,True,0
191,What about the idea that our greatest strengths often stem from our deepest wounds?,./prompts/strengths_from_wounds_191_zac.wav,psychology,zac,True,0
192,Have you ever wondered if there's a limit to how much knowledge one human brain can contain?,./prompts/knowledge_brain_limit_192_tara.wav,neuroscience,tara,True,0
193,Imagine if we could experience the birth and death of stars in real-time perception,./prompts/stellar_lifecycle_perception_193_zac.wav,science,zac,True,0
194,Tell me your thoughts on whether we should try to make AI more human-like or embrace its differences,./prompts/ai_human_like_194_tara.wav,technology,tara,True,0
195,Why not explore the psychological impact of living in a world where death is optional?,./prompts/optional_death_psychology_195_zac.wav,psychology,zac,True,0
196,Do you think humans will ever be able to communicate through direct brain-to-brain interfaces?,./prompts/brain_interfaces_196_tara.wav,technology,tara,True,0
197,Picture this scenario: you can experience the emotions of any fictional character - who do you choose?,./prompts/fictional_emotions_197_zac.wav,literature,zac,True,0
198,Could we discuss how the fear of change prevents us from reaching our full potential?,./prompts/fear_change_potential_198_tara.wav,psychology,tara,True,0
199,What's your take on whether we should try to preserve wilderness or optimize it for human use?,./prompts/wilderness_preservation_199_zac.wav,ecology,zac,True,0
200,If you could experience one moment of perfect understanding about the universe what would you want to know?,./prompts/perfect_understanding_200_tara.wav,philosophy,tara,True,0
201,Let's talk about the ethics of using AI to predict and prevent mental health crises,./prompts/ai_mental_health_201_zac.wav,bioethics,zac,True,0
202,What about the possibility that our dreams are actually memories from parallel versions of ourselves?,./prompts/dreams_parallel_memories_202_tara.wav,philosophy,tara,True,0
203,Have you ever wondered if there's a mathematical formula that describes human happiness?,./prompts/happiness_formula_203_zac.wav,psychology,zac,True,0
204,Imagine if we could experience the world at the speed of a hummingbird's perception,./prompts/hummingbird_perception_204_tara.wav,science,tara,True,0
205,Tell me your thoughts on whether we should try to eliminate all forms of pain or accept it as necessary,./prompts/eliminate_pain_205_zac.wav,philosophy,zac,True,0
206,Why not explore how our relationship with money shapes our values and priorities?,./prompts/money_values_206_tara.wav,psychology,tara,True,0
207,Do you think we'll ever be able to create artificial gravity without rotation or mass?,./prompts/artificial_gravity_207_zac.wav,science,zac,True,0
208,Picture this scenario: you can experience the world through the eyes of your worst enemy - what do you learn?,./prompts/enemy_perspective_208_tara.wav,psychology,tara,True,0
209,Could we discuss the psychological effects of living in a world where everyone is immortal?,./prompts/immortal_world_psychology_209_zac.wav,psychology,zac,True,0
210,What's your take on whether we should try to make technology invisible or celebrate its presence?,./prompts/invisible_technology_210_tara.wav,technology,tara,True,0
211,If you could eliminate one form of human conflict which would create the most peace?,./prompts/eliminate_conflict_211_zac.wav,sociology,zac,True,0
212,Let's talk about the ethics of using genetic engineering to eliminate genetic diversity,./prompts/eliminate_diversity_ethics_212_tara.wav,bioethics,tara,True,0
213,What about the idea that our perception of reality is completely constructed by our brains?,./prompts/reality_brain_construction_213_zac.wav,neuroscience,zac,True,0
214,Have you ever wondered if there's a purpose to the universe beyond what we can comprehend?,./prompts/universe_purpose_214_tara.wav,philosophy,tara,True,0
215,Imagine if we could experience the world from the perspective of a quantum particle,./prompts/quantum_perspective_215_zac.wav,science,zac,True,0
216,Tell me your thoughts on whether we should try to preserve human mortality or embrace immortality,./prompts/mortality_immortality_216_tara.wav,philosophy,tara,True,0
217,Why not explore the psychological impact of living in a world where everyone has perfect memory?,./prompts/perfect_memory_world_217_zac.wav,psychology,zac,True,0
218,Do you think humans will ever be able to survive in the vacuum of space without technology?,./prompts/space_survival_218_tara.wav,science,tara,True,0
219,Picture this scenario: you can experience the world as any element on the periodic table - which do you choose?,./prompts/element_experience_219_zac.wav,science,zac,True,0
220,Could we discuss how the fear of being judged shapes our authentic self-expression?,./prompts/judgment_fear_authenticity_220_tara.wav,psychology,tara,True,0
221,What's your take on whether we should try to eliminate all forms of addiction or accept them as human nature?,./prompts/addiction_elimination_221_zac.wav,psychology,zac,True,0
222,If you could give every human access to one piece of technology what would benefit society most?,./prompts/universal_technology_222_tara.wav,technology,tara,True,0
223,Let's talk about the ethics of creating artificial beings with the capacity for suffering,./prompts/artificial_suffering_capacity_223_zac.wav,ethics,zac,True,0
224,What about the possibility that our universe is just one frame in an infinite cosmic movie?,./prompts/cosmic_movie_frame_224_tara.wav,philosophy,tara,True,0
225,Have you ever wondered if there's a way to experience pure consciousness without any sensory input?,./prompts/pure_consciousness_225_zac.wav,philosophy,zac,True,0
226,Imagine if we could experience the world from the perspective of a black hole,./prompts/black_hole_perspective_226_tara.wav,science,tara,True,0
227,Tell me your thoughts on whether we should try to make all human experiences shareable or keep some private,./prompts/shareable_experiences_227_zac.wav,psychology,zac,True,0
228,Why not explore how our relationship with failure shapes our willingness to take risks?,./prompts/failure_risk_relationship_228_tara.wav,psychology,tara,True,0
229,Do you think we'll ever be able to create matter from pure energy like in science fiction?,./prompts/matter_from_energy_229_zac.wav,science,zac,True,0
230,Picture this scenario: you can experience the world through the nervous system of the entire planet,./prompts/planetary_nervous_system_230_tara.wav,philosophy,tara,True,0
231,Could we discuss the psychological effects of living in a world where everyone has telepathic abilities?,./prompts/telepathic_world_psychology_231_zac.wav,psychology,zac,True,0
232,What's your take on whether we should try to eliminate all forms of uncertainty or embrace the unknown?,./prompts/uncertainty_unknown_232_tara.wav,philosophy,tara,True,0
233,If you could experience one day as a being of pure energy what would you do?,./prompts/pure_energy_being_233_zac.wav,philosophy,zac,True,0
234,Let's talk about the ethics of using AI to make decisions about human reproduction,./prompts/ai_reproduction_decisions_234_tara.wav,bioethics,tara,True,0
235,What about the idea that our greatest innovations come from our attempts to solve impossible problems?,./prompts/impossible_problems_innovation_235_zac.wav,psychology,zac,True,0
236,Have you ever wondered if there's a way to experience all of human history in a single moment?,./prompts/history_single_moment_236_tara.wav,philosophy,tara,True,0
237,Imagine if we could experience the world from the perspective of a wave in the ocean,./prompts/ocean_wave_perspective_237_zac.wav,philosophy,zac,True,0
238,Tell me your thoughts on whether we should try to make human emotions more rational or preserve their chaos,./prompts/rational_emotions_238_tara.wav,psychology,tara,True,0
239,Why not explore the psychological impact of living in a world where everyone can fly?,./prompts/everyone_flies_psychology_239_zac.wav,psychology,zac,True,0
240,Do you think humans will ever be able to exist as pure information without physical form?,./prompts/pure_information_existence_240_tara.wav,technology,tara,True,0
241,Picture this scenario: you can experience the world through the eyes of every living creature simultaneously,./prompts/all_creatures_perspective_241_zac.wav,philosophy,zac,True,0
242,Could we discuss how the fear of obsolescence drives human innovation and adaptation?,./prompts/obsolescence_fear_innovation_242_tara.wav,psychology,tara,True,0
243,What's your take on whether we should try to eliminate all forms of competition or channel it constructively?,./prompts/competition_elimination_243_zac.wav,sociology,zac,True,0
244,If you could experience one moment of perfect empathy with all living beings what would you feel?,./prompts/perfect_empathy_244_tara.wav,philosophy,tara,True,0
245,Let's talk about the ethics of creating artificial beings designed to be perfect companions,./prompts/perfect_companions_ethics_245_zac.wav,ethics,zac,True,0
246,What about the possibility that our consciousness is just a side effect of the universe observing itself?,./prompts/consciousness_universe_observing_246_tara.wav,philosophy,tara,True,0
247,Have you ever wondered if there's a way to experience the birth of consciousness itself?,./prompts/consciousness_birth_experience_247_zac.wav,philosophy,zac,True,0
248,Imagine if we could experience the world from the perspective of a single atom,./prompts/atom_perspective_248_tara.wav,science,tara,True,0
249,Tell me your thoughts on whether we should try to make all knowledge freely accessible or preserve some mysteries,./prompts/knowledge_accessibility_249_zac.wav,philosophy,zac,True,0
250,Why not explore how our relationship with time changes as we age and gain experience?,./prompts/time_relationship_aging_250_tara.wav,psychology,tara,True,0
251,Do you think we'll ever be able to create artificial universes within our own universe?,./prompts/artificial_universes_251_zac.wav,science,zac,True,0
252,Picture this scenario: you can experience the world through the perspective of gravity itself,./prompts/gravity_perspective_252_tara.wav,science,tara,True,0
253,Could we discuss the psychological effects of living in a world where everyone has perfect health?,./prompts/perfect_health_world_253_zac.wav,psychology,zac,True,0
254,What's your take on whether we should try to eliminate all forms of hierarchy or accept them as natural?,./prompts/hierarchy_elimination_254_tara.wav,sociology,tara,True,0
255,If you could experience one moment of perfect clarity about your life's purpose what would you discover?,./prompts/life_purpose_clarity_255_zac.wav,philosophy,zac,True,0
256,Let's talk about the ethics of using genetic engineering to create humans adapted for specific environments,./prompts/environment_adaptation_ethics_256_tara.wav,bioethics,tara,True,0
257,What about the idea that our greatest discoveries come from embracing paradoxes rather than resolving them?,./prompts/paradox_discoveries_257_zac.wav,philosophy,zac,True,0
258,Have you ever wondered if there's a way to experience the world without the filter of language?,./prompts/world_without_language_258_tara.wav,linguistics,tara,True,0
259,Imagine if we could experience the world from the perspective of a musical note,./prompts/musical_note_perspective_259_zac.wav,arts,zac,True,0
260,Tell me your thoughts on whether we should try to make human decision-making more algorithmic or preserve intuition,./prompts/algorithmic_decisions_260_tara.wav,psychology,tara,True,0
261,Why not explore the psychological impact of living in a world where everyone has access to perfect information?,./prompts/perfect_information_261_zac.wav,psychology,zac,True,0
262,Do you think we'll ever be able to create artificial emotions that are indistinguishable from human ones?,./prompts/artificial_emotions_262_tara.wav,technology,tara,True,0
263,Picture this scenario: you can experience the world through the perspective of light itself,./prompts/light_perspective_263_zac.wav,science,zac,True,0
264,Could we discuss how the fear of being replaced by AI affects human motivation and purpose?,./prompts/ai_replacement_fear_264_tara.wav,psychology,tara,True,0
265,What's your take on whether we should try to eliminate all forms of bias or accept them as part of human nature?,./prompts/bias_elimination_265_zac.wav,psychology,zac,True,0
266,If you could experience one moment of perfect understanding between all humans what would change?,./prompts/perfect_understanding_266_tara.wav,philosophy,tara,True,0
267,Let's talk about the ethics of creating artificial beings with predetermined personalities and desires,./prompts/predetermined_personalities_267_zac.wav,ethics,zac,True,0
268,What about the possibility that our universe is constantly being rewritten by our observations?,./prompts/universe_rewritten_observations_268_tara.wav,science,tara,True,0
269,Have you ever wondered if there's a way to experience pure mathematics without symbols or language?,./prompts/pure_mathematics_269_zac.wav,philosophy,zac,True,0
270,Imagine if we could experience the world from the perspective of a single thought,./prompts/thought_perspective_270_tara.wav,philosophy,tara,True,0
271,Tell me your thoughts on whether we should try to make all human experiences quantifiable or preserve their mystery,./prompts/quantify_experiences_271_zac.wav,philosophy,zac,True,0
272,Why not explore how our relationship with social media affects our sense of authentic identity?,./prompts/social_media_identity_272_tara.wav,psychology,tara,True,0
273,Do you think humans will ever be able to communicate through pure emotion without words?,./prompts/emotion_communication_273_zac.wav,psychology,zac,True,0
274,Picture this scenario: you can experience the world through the perspective of a memory being formed,./prompts/memory_formation_perspective_274_tara.wav,neuroscience,tara,True,0
275,Could we discuss the psychological effects of living in a world where everyone has perfect empathy?,./prompts/perfect_empathy_world_275_zac.wav,psychology,zac,True,0
276,What's your take on whether we should try to eliminate all forms of mental illness or accept neurodiversity?,./prompts/mental_illness_neurodiversity_276_tara.wav,psychology,tara,True,0
277,If you could experience one moment of perfect connection with the natural world what would you feel?,./prompts/nature_connection_277_zac.wav,philosophy,zac,True,0
278,Let's talk about the ethics of using AI to optimize human happiness at the expense of growth,./prompts/optimize_happiness_ethics_278_tara.wav,ethics,tara,True,0
279,What about the idea that our greatest insights come from moments of complete confusion?,./prompts/confusion_insights_279_zac.wav,psychology,zac,True,0
280,Have you ever wondered if there's a way to experience the world as pure potential before it becomes reality?,./prompts/pure_potential_280_tara.wav,philosophy,tara,True,0
281,Imagine if we could experience the world from the perspective of a decision being made,./prompts/decision_perspective_281_zac.wav,philosophy,zac,True,0
282,Tell me your thoughts on whether we should try to make human relationships more efficient or preserve their complexity,./prompts/efficient_relationships_282_tara.wav,psychology,tara,True,0
283,Why not explore the psychological impact of living in a world where everyone can see auras?,./prompts/see_auras_world_283_zac.wav,psychology,zac,True,0
284,Do you think we'll ever be able to create artificial intuition that surpasses human gut feelings?,./prompts/artificial_intuition_284_tara.wav,technology,tara,True,0
285,Picture this scenario: you can experience the world through the perspective of a quantum superposition,./prompts/quantum_superposition_285_zac.wav,science,zac,True,0
286,Could we discuss how the fear of making the wrong choice paralyzes our decision-making?,./prompts/wrong_choice_fear_286_tara.wav,psychology,tara,True,0
287,What's your take on whether we should try to eliminate all forms of ignorance or preserve some innocence?,./prompts/ignorance_innocence_287_zac.wav,philosophy,zac,True,0
288,If you could experience one moment of perfect balance between all opposing forces what would that feel like?,./prompts/perfect_balance_288_tara.wav,philosophy,tara,True,0
289,Let's talk about the ethics of creating artificial beings designed to love unconditionally,./prompts/unconditional_love_beings_289_zac.wav,ethics,zac,True,0
290,What about the possibility that our consciousness is just the universe's way of experiencing itself subjectively?,./prompts/universe_experiencing_itself_290_tara.wav,philosophy,tara,True,0
291,Have you ever wondered if there's a way to experience the world without the concept of self?,./prompts/world_without_self_291_zac.wav,philosophy,zac,True,0
292,Imagine if we could experience the world from the perspective of a probability wave collapsing,./prompts/probability_collapse_292_tara.wav,science,tara,True,0
293,Tell me your thoughts on whether we should try to make human creativity more systematic or preserve its spontaneity,./prompts/systematic_creativity_293_zac.wav,psychology,zac,True,0
294,Why not explore how our relationship with digital technology is rewiring our neural pathways?,./prompts/digital_neural_rewiring_294_tara.wav,neuroscience,tara,True,0
295,Do you think humans will ever be able to exist in multiple dimensions simultaneously?,./prompts/multidimensional_existence_295_zac.wav,science,zac,True,0
296,Picture this scenario: you can experience the world through the perspective of entropy itself,./prompts/entropy_perspective_296_tara.wav,science,tara,True,0
297,Could we discuss the psychological effects of living in a world where everyone has perfect recall?,./prompts/perfect_recall_world_297_zac.wav,psychology,zac,True,0
298,What's your take on whether we should try to eliminate all forms of mystery or preserve the unknown?,./prompts/mystery_unknown_preservation_298_tara.wav,philosophy,tara,True,0
299,If you could experience one moment of perfect synthesis between logic and emotion what would you understand?,./prompts/logic_emotion_synthesis_299_zac.wav,philosophy,zac,True,0
300,Let's talk about the ethics of creating artificial beings with the capacity for existential dread,./prompts/existential_dread_beings_300_tara.wav,ethics,tara,True,0
301,What about the idea that our greatest transformations come from embracing our deepest contradictions?,./prompts/contradictions_transformation_301_zac.wav,psychology,zac,True,0
302,Have you ever wondered if there's a way to experience the world as pure information without interpretation?,./prompts/pure_information_world_302_tara.wav,philosophy,tara,True,0
303,Imagine if we could experience the world from the perspective of a cultural meme spreading,./prompts/meme_spreading_perspective_303_zac.wav,sociology,zac,True,0
304,Tell me your thoughts on whether we should try to make human learning more efficient or preserve the struggle,./prompts/efficient_learning_304_tara.wav,education,tara,True,0
305,Why not explore the psychological impact of living in a world where everyone can time travel?,./prompts/time_travel_world_305_zac.wav,psychology,zac,True,0
306,Do you think we'll ever be able to create artificial wisdom that transcends human understanding?,./prompts/artificial_wisdom_306_tara.wav,technology,tara,True,0
307,Picture this scenario: you can experience the world through the perspective of a social network effect,./prompts/network_effect_perspective_307_zac.wav,sociology,zac,True,0
308,Could we discuss how the fear of being ordinary drives extraordinary achievements?,./prompts/ordinary_fear_extraordinary_308_tara.wav,psychology,tara,True,0
309,What's your take on whether we should try to eliminate all forms of suffering or accept it as meaningful?,./prompts/suffering_meaning_309_zac.wav,philosophy,zac,True,0
310,If you could experience one moment of perfect harmony between all living systems what would you perceive?,./prompts/living_systems_harmony_310_tara.wav,ecology,tara,True,0
311,Let's talk about the ethics of creating artificial beings designed to experience pure joy,./prompts/pure_joy_beings_311_zac.wav,ethics,zac,True,0
312,What about the possibility that our reality is constantly being debugged by higher-dimensional programmers?,./prompts/reality_debugging_312_tara.wav,philosophy,tara,True,0
313,Have you ever wondered if there's a way to experience the world through the lens of pure possibility?,./prompts/pure_possibility_lens_313_zac.wav,philosophy,zac,True,0
314,Imagine if we could experience the world from the perspective of a collective unconscious thought,./prompts/collective_unconscious_314_tara.wav,psychology,tara,True,0
315,Tell me your thoughts on whether we should try to make human communication more precise or preserve ambiguity,./prompts/precise_communication_315_zac.wav,linguistics,zac,True,0
316,Why not explore how our relationship with artificial intelligence is changing our concept of intelligence itself?,./prompts/ai_intelligence_concept_316_tara.wav,philosophy,tara,True,0
317,Do you think humans will ever be able to exist as distributed consciousness across multiple bodies?,./prompts/distributed_consciousness_317_zac.wav,technology,zac,True,0
318,Picture this scenario: you can experience the world through the perspective of a paradigm shift occurring,./prompts/paradigm_shift_perspective_318_tara.wav,philosophy,tara,True,0
319,Could we discuss the psychological effects of living in a world where everyone has access to infinite energy?,./prompts/infinite_energy_psychology_319_zac.wav,psychology,zac,True,0
320,What's your take on whether we should try to eliminate all forms of conflict or channel them constructively?,./prompts/conflict_channeling_320_tara.wav,sociology,tara,True,0
321,If you could experience one moment of perfect understanding of your own consciousness what would you discover?,./prompts/consciousness_understanding_321_zac.wav,philosophy,zac,True,0
322,Let's talk about the ethics of creating artificial beings with predetermined expiration dates,./prompts/expiration_dates_ethics_322_tara.wav,ethics,tara,True,0
323,What about the idea that our greatest breakthroughs come from questioning our most basic assumptions?,./prompts/questioning_assumptions_323_zac.wav,philosophy,zac,True,0
324,Have you ever wondered if there's a way to experience the world without the filter of expectations?,./prompts/world_without_expectations_324_tara.wav,psychology,tara,True,0
325,Imagine if we could experience the world from the perspective of a technological singularity,./prompts/singularity_perspective_325_zac.wav,technology,zac,True,0
326,Tell me your thoughts on whether we should try to make human emotions more stable or preserve their volatility,./prompts/stable_emotions_326_tara.wav,psychology,tara,True,0
327,Why not explore the psychological impact of living in a world where everyone can shapeshift?,./prompts/shapeshift_world_327_zac.wav,psychology,zac,True,0
328,Do you think we'll ever be able to create artificial dreams that are indistinguishable from natural ones?,./prompts/artificial_dreams_328_tara.wav,technology,tara,True,0
329,Picture this scenario: you can experience the world through the perspective of a moral dilemma resolving,./prompts/moral_dilemma_perspective_329_zac.wav,ethics,zac,True,0
330,Could we discuss how the fear of insignificance drives our need for meaning and purpose?,./prompts/insignificance_fear_meaning_330_tara.wav,psychology,tara,True,0
331,What's your take on whether we should try to eliminate all forms of waste or accept inefficiency as natural?,./prompts/waste_inefficiency_331_zac.wav,philosophy,zac,True,0
332,If you could experience one moment of perfect integration between mind and body what would that feel like?,./prompts/mind_body_integration_332_tara.wav,philosophy,tara,True,0
333,Let's talk about the ethics of creating artificial beings designed to be perfectly rational,./prompts/perfectly_rational_beings_333_zac.wav,ethics,zac,True,0
334,What about the possibility that our universe is just one thought in an infinite cosmic mind?,./prompts/cosmic_mind_thought_334_tara.wav,philosophy,tara,True,0
335,Have you ever wondered if there's a way to experience the world through the perspective of evolution itself?,./prompts/evolution_perspective_335_zac.wav,science,zac,True,0
336,Imagine if we could experience the world from the perspective of a breakthrough moment in science,./prompts/breakthrough_moment_336_tara.wav,science,tara,True,0
337,Tell me your thoughts on whether we should try to make human behavior more predictable or preserve spontaneity,./prompts/predictable_behavior_337_zac.wav,psychology,zac,True,0
338,Why not explore how our relationship with virtual reality is blurring the line between real and artificial?,./prompts/vr_reality_blur_338_tara.wav,technology,tara,True,0
339,Do you think humans will ever be able to exist as pure consciousness without any physical substrate?,./prompts/pure_consciousness_existence_339_zac.wav,philosophy,zac,True,0
340,Picture this scenario: you can experience the world through the perspective of a creative inspiration striking,./prompts/inspiration_striking_340_tara.wav,psychology,tara,True,0
341,Could we discuss the psychological effects of living in a world where everyone has perfect self-awareness?,./prompts/perfect_self_awareness_341_zac.wav,psychology,zac,True,0
342,What's your take on whether we should try to eliminate all forms of deception or accept them as necessary?,./prompts/deception_elimination_342_tara.wav,ethics,tara,True,0
343,If you could experience one moment of perfect unity between all opposing viewpoints what would you understand?,./prompts/viewpoints_unity_343_zac.wav,philosophy,zac,True,0
344,Let's talk about the ethics of creating artificial beings with the ability to evolve beyond their programming,./prompts/evolving_beings_ethics_344_tara.wav,ethics,tara,True,0
345,What about the idea that our greatest wisdom comes from embracing our fundamental ignorance?,./prompts/wisdom_ignorance_345_zac.wav,philosophy,zac,True,0
346,Have you ever wondered if there's a way to experience the world without the concept of ownership?,./prompts/world_without_ownership_346_tara.wav,philosophy,tara,True,0
347,Imagine if we could experience the world from the perspective of a social revolution beginning,./prompts/revolution_beginning_347_zac.wav,sociology,zac,True,0
348,Tell me your thoughts on whether we should try to make human relationships more transparent or preserve privacy,./prompts/transparent_relationships_348_tara.wav,psychology,tara,True,0
349,Why not explore the psychological impact of living in a world where everyone can manipulate matter with thought?,./prompts/matter_manipulation_349_zac.wav,psychology,zac,True,0
350,Do you think we'll ever be able to create artificial serendipity that leads to genuine discoveries?,./prompts/artificial_serendipity_350_tara.wav,technology,tara,True,0
351,Picture this scenario: you can experience the world through the perspective of a language being born,./prompts/language_birth_351_zac.wav,linguistics,zac,True,0
352,Could we discuss how the fear of vulnerability prevents us from forming deeper connections?,./prompts/vulnerability_fear_connections_352_tara.wav,psychology,tara,True,0
353,What's your take on whether we should try to eliminate all forms of randomness or embrace chaos?,./prompts/randomness_chaos_353_zac.wav,philosophy,zac,True,0
354,If you could experience one moment of perfect flow state that lasts forever would you choose it?,./prompts/eternal_flow_state_354_tara.wav,psychology,tara,True,0
355,Let's talk about the ethics of creating artificial beings designed to be perfectly content,./prompts/perfectly_content_beings_355_zac.wav,ethics,zac,True,0
356,What about the possibility that our consciousness is just a temporary pattern in an eternal information field?,./prompts/consciousness_information_pattern_356_tara.wav,philosophy,tara,True,0
357,Have you ever wondered if there's a way to experience the world through the perspective of pure creativity?,./prompts/pure_creativity_perspective_357_zac.wav,psychology,zac,True,0
358,Imagine if we could experience the world from the perspective of a technological breakthrough happening,./prompts/tech_breakthrough_358_tara.wav,technology,tara,True,0
359,Tell me your thoughts on whether we should try to make human consciousness more unified or preserve its fragmentation,./prompts/unified_consciousness_359_zac.wav,philosophy,zac,True,0
360,Why not explore how our relationship with artificial intelligence is changing our understanding of what makes us human?,./prompts/ai_human_understanding_360_tara.wav,philosophy,tara,True,0
361,Do you think humans will ever be able to exist in a state of permanent enlightenment?,./prompts/permanent_enlightenment_361_zac.wav,philosophy,zac,True,0
362,Picture this scenario: you can experience the world through the perspective of a universal truth being revealed,./prompts/universal_truth_362_tara.wav,philosophy,tara,True,0
363,Could we discuss the psychological effects of living in a world where everyone has access to perfect justice?,./prompts/perfect_justice_world_363_zac.wav,psychology,zac,True,0
364,What's your take on whether we should try to eliminate all forms of hierarchy or accept them as evolutionary?,./prompts/hierarchy_evolutionary_364_tara.wav,sociology,tara,True,0
365,If you could experience one moment of perfect understanding between all forms of intelligence what would emerge?,./prompts/intelligence_understanding_365_zac.wav,philosophy,zac,True,0
366,Let's talk about the ethics of creating artificial beings with the capacity for infinite growth,./prompts/infinite_growth_beings_366_tara.wav,ethics,tara,True,0
367,What about the idea that our greatest achievements come from transcending our perceived limitations?,./prompts/transcending_limitations_367_zac.wav,psychology,zac,True,0
368,Have you ever wondered if there's a way to experience the world without the filter of cultural conditioning?,./prompts/world_without_conditioning_368_tara.wav,anthropology,tara,True,0
369,Imagine if we could experience the world from the perspective of a collective human consciousness awakening,./prompts/collective_awakening_369_zac.wav,philosophy,zac,True,0
370,Tell me your thoughts on whether we should try to make human decision-making more collective or preserve individual autonomy,./prompts/collective_decisions_370_tara.wav,sociology,tara,True,0
371,Why not explore the psychological impact of living in a world where everyone can access the akashic records?,./prompts/akashic_records_371_zac.wav,philosophy,zac,True,0
372,Do you think we'll ever be able to create artificial beings that can experience genuine surprise?,./prompts/artificial_surprise_372_tara.wav,technology,tara,True,0
373,Picture this scenario: you can experience the world through the perspective of a moment of perfect understanding,./prompts/perfect_understanding_moment_373_zac.wav,philosophy,zac,True,0
374,Could we discuss how the fear of being misunderstood shapes our communication patterns?,./prompts/misunderstood_fear_communication_374_tara.wav,psychology,tara,True,0
375,What's your take on whether we should try to eliminate all forms of suffering or transform it into wisdom?,./prompts/suffering_wisdom_transformation_375_zac.wav,philosophy,zac,True,0
376,If you could experience one moment of perfect resonance with the fundamental frequency of the universe what would you hear?,./prompts/universe_frequency_376_tara.wav,philosophy,tara,True,0
377,Let's talk about the ethics of creating artificial beings designed to experience perfect love,./prompts/perfect_love_beings_377_zac.wav,ethics,zac,True,0
378,What about the possibility that our entire reality is just one possible interpretation of infinite quantum possibilities?,./prompts/quantum_interpretation_378_tara.wav,science,tara,True,0
379,Have you ever wondered if there's a way to experience the world through the perspective of pure awareness itself?,./prompts/pure_awareness_379_zac.wav,philosophy,zac,True,0
380,Imagine if we could experience the world from the perspective of the moment when artificial and human intelligence become indistinguishable,./prompts/ai_human_indistinguishable_380_tara.wav,technology,tara,True,0
381,How does the sound of rain on different surfaces affect your emotional state?,./prompts/sensory_381_zac.wav,sensory,zac,true,0
382,What if mushrooms could teach us about network communication?,./prompts/mycology_382_tara.wav,mycology,tara,true,0
383,Describe the perfect morning ritual using only three objects,./prompts/rituals_383_zac.wav,rituals,zac,true,0
384,How might bees perceive time differently than humans?,./prompts/beekeeping_384_tara.wav,beekeeping,tara,true,0
385,What story would your shadow tell if it could speak?,./prompts/shadow_art_385_zac.wav,shadow_art,zac,true,0
386,How does folding paper change your relationship with geometry?,./prompts/origami_386_tara.wav,origami,tara,true,0
387,What emotions live in the space between musical notes?,./prompts/sound_design_387_zac.wav,sound_design,zac,true,0
388,How does fermentation mirror human transformation processes?,./prompts/fermentation_388_tara.wav,fermentation,tara,true,0
389,What would you discover foraging in an urban environment?,./prompts/urban_foraging_389_zac.wav,urban_foraging,zac,true,0
390,How do wind patterns influence your daily decisions?,./prompts/wind_patterns_390_tara.wav,wind_patterns,tara,true,0
391,What if colors had distinct personalities and preferences?,./prompts/color_psychology_391_zac.wav,color_psychology,zac,true,0
392,How does your breathing rhythm change throughout the day?,./prompts/breathing_392_tara.wav,breathing,tara,true,0
393,What forgotten tradition deserves to be revived?,./prompts/traditions_393_zac.wav,traditions,zac,true,0
394,How might plants gossip about the humans they observe?,./prompts/plant_communication_394_tara.wav,plant_communication,tara,true,0
395,What would happen if gravity worked sideways for one hour?,./prompts/gravity_395_zac.wav,gravity,zac,true,0
396,How does the texture of different fabrics affect your mood?,./prompts/textile_psychology_396_tara.wav,textile_psychology,tara,true,0
397,What if dreams were a form of interdimensional travel?,./prompts/dream_travel_397_zac.wav,dream_travel,zac,true,0
398,How do you think fish perceive the concept of wetness?,./prompts/aquatic_perception_398_tara.wav,aquatic_perception,tara,true,0
399,What would your ideal sleep optimization routine include?,./prompts/sleep_optimization_399_zac.wav,sleep_optimization,zac,true,0
400,How might bacteria experience community and cooperation?,./prompts/microbiology_400_tara.wav,microbiology,tara,true,0
401,What if you could taste electromagnetic fields?,./prompts/synesthesia_401_zac.wav,synesthesia,zac,true,0
402,How does the weight of silence differ in various spaces?,./prompts/acoustics_402_tara.wav,acoustics,tara,true,0
403,What would a conversation between two trees sound like?,./prompts/tree_communication_403_zac.wav,tree_communication,zac,true,0
404,How might your reflection in water differ from mirrors?,./prompts/reflection_404_tara.wav,reflection,tara,true,0
405,What if you could smell emotions in the air?,./prompts/emotional_scents_405_zac.wav,emotional_scents,zac,true,0
406,How do different walking rhythms affect your thinking patterns?,./prompts/walking_cognition_406_tara.wav,walking_cognition,tara,true,0
407,What would happen if humans hibernated for three months yearly?,./prompts/human_hibernation_407_zac.wav,human_hibernation,zac,true,0
408,How might crystals store and release information?,./prompts/crystal_information_408_tara.wav,crystal_information,tara,true,0
409,What if you could see the age of objects around you?,./prompts/object_age_vision_409_zac.wav,object_age_vision,zac,true,0
410,How does the temperature of your hands reveal your emotional state?,./prompts/thermal_emotions_410_tara.wav,thermal_emotions,tara,true,0
411,What would a library of scents contain?,./prompts/scent_library_411_zac.wav,scent_library,zac,true,0
412,How might clouds communicate across vast distances?,./prompts/cloud_communication_412_tara.wav,cloud_communication,tara,true,0
413,What if you could hear the conversations of inanimate objects?,./prompts/object_conversations_413_zac.wav,object_conversations,zac,true,0
414,How does the rhythm of your heartbeat change with different activities?,./prompts/heartbeat_rhythm_414_tara.wav,heartbeat_rhythm,tara,true,0
415,What would happen if humans could photosynthesize emotions?,./prompts/emotional_photosynthesis_415_zac.wav,emotional_photosynthesis,zac,true,0
416,How might the ocean remember all the ships it has carried?,./prompts/ocean_memory_416_tara.wav,ocean_memory,tara,true,0
417,What if you could feel the magnetic field of the Earth?,./prompts/magnetic_sensing_417_zac.wav,magnetic_sensing,zac,true,0
418,How do different types of silence affect your creativity?,./prompts/silence_creativity_418_tara.wav,silence_creativity,tara,true,0
419,What would a museum of forgotten words look like?,./prompts/forgotten_words_419_zac.wav,forgotten_words,zac,true,0
420,How might insects experience the concept of home?,./prompts/insect_home_420_tara.wav,insect_home,tara,true,0
421,What if you could see the energy trails left by moving objects?,./prompts/energy_trails_421_zac.wav,energy_trails,zac,true,0
422,How does the quality of light affect your decision-making?,./prompts/light_decisions_422_tara.wav,light_decisions,tara,true,0
423,What would happen if humans could communicate through bioluminescence?,./prompts/bioluminescent_communication_423_zac.wav,bioluminescent_communication,zac,true,0
424,How might stones experience the passage of geological time?,./prompts/geological_time_424_tara.wav,geological_time,tara,true,0
425,What if you could taste the history of water?,./prompts/water_history_425_zac.wav,water_history,zac,true,0
426,How do different textures under your feet influence your thoughts?,./prompts/texture_thinking_426_tara.wav,texture_thinking,tara,true,0
427,What would a garden of sounds grow?,./prompts/sound_garden_427_zac.wav,sound_garden,zac,true,0
428,How might your DNA remember experiences from past generations?,./prompts/genetic_memory_428_tara.wav,genetic_memory,tara,true,0
429,What if you could see the emotional residue left in spaces?,./prompts/emotional_residue_429_zac.wav,emotional_residue,zac,true,0
430,How does the phase of the moon affect your sleep patterns?,./prompts/lunar_sleep_430_tara.wav,lunar_sleep,tara,true,0
431,What would happen if humans could echolocate like dolphins?,./prompts/human_echolocation_431_zac.wav,human_echolocation,zac,true,0
432,How might fire remember all the things it has consumed?,./prompts/fire_memory_432_tara.wav,fire_memory,tara,true,0
433,What if you could feel the rotation of the Earth?,./prompts/earth_rotation_433_zac.wav,earth_rotation,zac,true,0
434,How do different scents trigger specific childhood memories?,./prompts/scent_memory_434_tara.wav,scent_memory,tara,true,0
435,What would a conversation between your past and future selves reveal?,./prompts/temporal_conversation_435_zac.wav,temporal_conversation,zac,true,0
436,How might bacteria experience the concept of individuality?,./prompts/bacterial_individuality_436_tara.wav,bacterial_individuality,tara,true,0
437,What if you could see the mathematical equations governing natural phenomena?,./prompts/visible_mathematics_437_zac.wav,visible_mathematics,zac,true,0
438,How does the weight of air change your perception of space?,./prompts/air_weight_438_tara.wav,air_weight,tara,true,0
439,What would happen if humans could taste ultraviolet light?,./prompts/uv_taste_439_zac.wav,uv_taste,zac,true,0
440,How might your shadow have different memories than you?,./prompts/shadow_memory_440_tara.wav,shadow_memory,tara,true,0
441,What if you could hear the songs that objects sing?,./prompts/object_songs_441_zac.wav,object_songs,zac,true,0
442,How do different types of rain affect your emotional landscape?,./prompts/rain_emotions_442_tara.wav,rain_emotions,tara,true,0
443,What would a library of forgotten dreams contain?,./prompts/dream_library_443_zac.wav,dream_library,zac,true,0
444,How might plants experience the concept of loneliness?,./prompts/plant_loneliness_444_tara.wav,plant_loneliness,tara,true,0
445,What if you could see the invisible threads connecting all living things?,./prompts/connection_threads_445_zac.wav,connection_threads,zac,true,0
446,How does the texture of different surfaces affect your emotional state?,./prompts/surface_emotions_446_tara.wav,surface_emotions,tara,true,0
447,What would happen if humans could communicate through pheromones?,./prompts/pheromone_communication_447_zac.wav,pheromone_communication,zac,true,0
448,How might quantum particles experience uncertainty?,./prompts/quantum_uncertainty_448_tara.wav,quantum_uncertainty,tara,true,0
449,What if you could taste the emotions of others?,./prompts/emotion_taste_449_zac.wav,emotion_taste,zac,true,0
450,How do different frequencies of sound affect your cellular structure?,./prompts/sound_frequency_450_tara.wav,sound_frequency,tara,true,0
451,What would a map of forgotten places look like?,./prompts/forgotten_places_451_zac.wav,forgotten_places,zac,true,0
452,How might viruses experience the concept of purpose?,./prompts/viral_purpose_452_tara.wav,viral_purpose,tara,true,0
453,What if you could see the probability clouds around decisions?,./prompts/decision_probability_453_zac.wav,decision_probability,zac,true,0
454,How does the rhythm of your environment sync with your biorhythms?,./prompts/environmental_rhythm_454_tara.wav,environmental_rhythm,tara,true,0
455,What would happen if humans could photosynthesize knowledge?,./prompts/knowledge_photosynthesis_455_zac.wav,knowledge_photosynthesis,zac,true,0
456,How might your thoughts have different densities and weights?,./prompts/thought_density_456_tara.wav,thought_density,tara,true,0
457,What if you could feel the gravitational pull of other people?,./prompts/human_gravity_457_zac.wav,human_gravity,zac,true,0
458,How do different materials remember the hands that shaped them?,./prompts/material_memory_458_tara.wav,material_memory,tara,true,0
459,What would a symphony of cellular processes sound like?,./prompts/cellular_symphony_459_zac.wav,cellular_symphony,zac,true,0
460,How might your reflection change based on your emotional state?,./prompts/emotional_reflection_460_tara.wav,emotional_reflection,tara,true,0
461,What if you could see the lifespan of every object?,./prompts/object_lifespan_461_zac.wav,object_lifespan,zac,true,0
462,How does the pressure of atmosphere affect your thoughts?,./prompts/atmospheric_pressure_462_tara.wav,atmospheric_pressure,tara,true,0
463,What would happen if humans could hibernate their consciousness?,./prompts/consciousness_hibernation_463_zac.wav,consciousness_hibernation,zac,true,0
464,How might electrons experience their orbital dance?,./prompts/electron_dance_464_tara.wav,electron_dance,tara,true,0
465,What if you could taste the age of things?,./prompts/age_taste_465_zac.wav,age_taste,zac,true,0
466,How do different types of darkness affect your perception?,./prompts/darkness_perception_466_tara.wav,darkness_perception,tara,true,0
467,What would a museum of extinct sensations contain?,./prompts/extinct_sensations_467_zac.wav,extinct_sensations,zac,true,0
468,How might photons experience their journey from stars?,./prompts/photon_journey_468_tara.wav,photon_journey,tara,true,0
469,What if you could hear the conversations between your organs?,./prompts/organ_conversations_469_zac.wav,organ_conversations,zac,true,0
470,How does the magnetic field of your body interact with others?,./prompts/body_magnetism_470_tara.wav,body_magnetism,tara,true,0
471,What would happen if humans could taste electromagnetic radiation?,./prompts/radiation_taste_471_zac.wav,radiation_taste,zac,true,0
472,How might your memories have different temperatures?,./prompts/memory_temperature_472_tara.wav,memory_temperature,tara,true,0
473,What if you could see the stress patterns in materials?,./prompts/stress_patterns_473_zac.wav,stress_patterns,zac,true,0
474,How do different phases of matter affect your emotional state?,./prompts/matter_phases_474_tara.wav,matter_phases,tara,true,0
475,What would a library of extinct languages sound like?,./prompts/extinct_languages_475_zac.wav,extinct_languages,zac,true,0
476,How might your heartbeat synchronize with cosmic rhythms?,./prompts/cosmic_heartbeat_476_tara.wav,cosmic_heartbeat,tara,true,0
477,What if you could feel the weight of thoughts?,./prompts/thought_weight_477_zac.wav,thought_weight,zac,true,0
478,How does the curvature of space affect your perception of time?,./prompts/spacetime_curvature_478_tara.wav,spacetime_curvature,tara,true,0
479,What would happen if humans could communicate through quantum entanglement?,./prompts/quantum_communication_479_zac.wav,quantum_communication,zac,true,0
480,How might your DNA sing its evolutionary history?,./prompts/dna_song_480_tara.wav,dna_song,tara,true,0
481,What if you could taste the intentions of others?,./prompts/intention_taste_481_zac.wav,intention_taste,zac,true,0
482,How do different types of emptiness feel in your body?,./prompts/emptiness_types_482_tara.wav,emptiness_types,tara,true,0
483,What would a map of forgotten emotions look like?,./prompts/forgotten_emotions_483_zac.wav,forgotten_emotions,zac,true,0
484,How might your cells remember their ancestral functions?,./prompts/cellular_memory_484_tara.wav,cellular_memory,tara,true,0
485,What if you could see the half-life of relationships?,./prompts/relationship_halflife_485_zac.wav,relationship_halflife,zac,true,0
486,How does the spin of subatomic particles affect your mood?,./prompts/particle_spin_486_tara.wav,particle_spin,tara,true,0
487,What would happen if humans could photosynthesize creativity?,./prompts/creativity_photosynthesis_487_zac.wav,creativity_photosynthesis,zac,true,0
488,How might your thoughts create ripples in spacetime?,./prompts/thought_ripples_488_tara.wav,thought_ripples,tara,true,0
489,What if you could feel the entropy of systems around you?,./prompts/entropy_feeling_489_zac.wav,entropy_feeling,zac,true,0
490,How do different wavelengths of light affect your cellular memory?,./prompts/light_wavelength_490_tara.wav,light_wavelength,tara,true,0
491,What would a symphony of chemical reactions sound like?,./prompts/chemical_symphony_491_zac.wav,chemical_symphony,zac,true,0
492,How might your shadow exist in multiple dimensions?,./prompts/multidimensional_shadow_492_tara.wav,multidimensional_shadow,tara,true,0
493,What if you could taste the complexity of systems?,./prompts/complexity_taste_493_zac.wav,complexity_taste,zac,true,0
494,How does the resonance frequency of your bones affect your thoughts?,./prompts/bone_resonance_494_tara.wav,bone_resonance,tara,true,0
495,What would happen if humans could hibernate their aging process?,./prompts/aging_hibernation_495_zac.wav,aging_hibernation,zac,true,0
496,How might your breath carry information between dimensions?,./prompts/dimensional_breath_496_tara.wav,dimensional_breath,tara,true,0
497,What if you could see the probability fields around events?,./prompts/probability_fields_497_zac.wav,probability_fields,zac,true,0
498,How do different types of pressure affect your consciousness?,./prompts/pressure_consciousness_498_tara.wav,pressure_consciousness,tara,true,0
499,What would a museum of unborn possibilities contain?,./prompts/unborn_possibilities_499_zac.wav,unborn_possibilities,zac,true,0
500,How might your thoughts interfere with quantum measurements?,./prompts/quantum_interference_500_tara.wav,quantum_interference,tara,true,0
501,What if you could taste the velocity of moving objects?,./prompts/velocity_taste_501_zac.wav,velocity_taste,zac,true,0
502,How does the phase transition of water mirror emotional changes?,./prompts/water_phase_emotions_502_tara.wav,water_phase_emotions,tara,true,0
503,What would happen if humans could communicate through crystalline structures?,./prompts/crystal_communication_503_zac.wav,crystal_communication,zac,true,0
504,How might your memories exist as standing waves?,./prompts/memory_waves_504_tara.wav,memory_waves,tara,true,0
505,What if you could feel the angular momentum of planets?,./prompts/planetary_momentum_505_zac.wav,planetary_momentum,zac,true,0
506,How do different types of symmetry affect your perception of beauty?,./prompts/symmetry_beauty_506_tara.wav,symmetry_beauty,tara,true,0
507,What would a library of unspoken words contain?,./prompts/unspoken_words_507_zac.wav,unspoken_words,zac,true,0
508,How might your consciousness exist as a quantum field?,./prompts/consciousness_field_508_tara.wav,consciousness_field,tara,true,0
509,What if you could taste the curvature of spacetime?,./prompts/spacetime_taste_509_zac.wav,spacetime_taste,zac,true,0
510,How does the vibration of molecules affect your emotional resonance?,./prompts/molecular_vibration_510_tara.wav,molecular_vibration,tara,true,0
511,What would happen if humans could hibernate their perception of time?,./prompts/time_hibernation_511_zac.wav,time_hibernation,zac,true,0
512,How might your thoughts exist as probability distributions?,./prompts/thought_probability_512_tara.wav,thought_probability,tara,true,0
513,What if you could see the information density of objects?,./prompts/information_density_513_zac.wav,information_density,zac,true,0
514,How do different types of chaos affect your creative process?,./prompts/chaos_creativity_514_tara.wav,chaos_creativity,tara,true,0
515,What would a map of extinct possibilities look like?,./prompts/extinct_possibilities_515_zac.wav,extinct_possibilities,zac,true,0
516,How might your heartbeat create interference patterns with others?,./prompts/heartbeat_interference_516_tara.wav,heartbeat_interference,tara,true,0
517,What if you could taste the entropy of conversations?,./prompts/conversation_entropy_517_zac.wav,conversation_entropy,zac,true,0
518,How does the topology of space affect your navigation instincts?,./prompts/space_topology_518_tara.wav,space_topology,tara,true,0
519,What would happen if humans could photosynthesize wisdom?,./prompts/wisdom_photosynthesis_519_zac.wav,wisdom_photosynthesis,zac,true,0
520,How might your dreams exist as quantum superpositions?,./prompts/dream_superposition_520_tara.wav,dream_superposition,tara,true,0
521,What if you could feel the tension in electromagnetic fields?,./prompts/field_tension_521_zac.wav,field_tension,zac,true,0
522,How do different types of recursion affect your thought patterns?,./prompts/recursion_thinking_522_tara.wav,recursion_thinking,tara,true,0
523,What would a symphony of gravitational waves sound like?,./prompts/gravitational_symphony_523_zac.wav,gravitational_symphony,zac,true,0
524,How might your consciousness tunnel through dimensional barriers?,./prompts/consciousness_tunneling_524_tara.wav,consciousness_tunneling,tara,true,0
525,What if you could taste the complexity of algorithms?,./prompts/algorithm_taste_525_zac.wav,algorithm_taste,zac,true,0
526,How does the fractal nature of coastlines affect your sense of scale?,./prompts/fractal_scale_526_tara.wav,fractal_scale,tara,true,0
527,What would happen if humans could hibernate their emotional responses?,./prompts/emotion_hibernation_527_zac.wav,emotion_hibernation,zac,true,0
528,How might your thoughts create standing wave patterns?,./prompts/thought_standing_waves_528_tara.wav,thought_standing_waves,tara,true,0
529,What if you could see the phase space of your decisions?,./prompts/decision_phase_space_529_zac.wav,decision_phase_space,zac,true,0
530,How do different types of turbulence affect your mental flow?,./prompts/turbulence_flow_530_tara.wav,turbulence_flow,tara,true,0
531,What would a museum of impossible geometries contain?,./prompts/impossible_geometries_531_zac.wav,impossible_geometries,zac,true,0
532,How might your memories exist as holographic projections?,./prompts/holographic_memory_532_tara.wav,holographic_memory,tara,true,0
533,What if you could taste the information content of experiences?,./prompts/experience_information_533_zac.wav,experience_information,zac,true,0
534,How does the resonance of crystals affect your cellular structure?,./prompts/crystal_resonance_534_tara.wav,crystal_resonance,tara,true,0
535,What would happen if humans could communicate through morphic fields?,./prompts/morphic_communication_535_zac.wav,morphic_communication,zac,true,0
536,How might your consciousness exist as a strange attractor?,./prompts/consciousness_attractor_536_tara.wav,consciousness_attractor,tara,true,0
537,What if you could feel the topology of social networks?,./prompts/network_topology_537_zac.wav,network_topology,zac,true,0
538,How do different types of feedback loops affect your behavior?,./prompts/feedback_loops_538_tara.wav,feedback_loops,tara,true,0
539,What would a library of uncomputed possibilities contain?,./prompts/uncomputed_possibilities_539_zac.wav,uncomputed_possibilities,zac,true,0
540,How might your thoughts exist as cellular automata?,./prompts/thought_automata_540_tara.wav,thought_automata,tara,true,0
541,What if you could taste the dimensionality of spaces?,./prompts/dimensional_taste_541_zac.wav,dimensional_taste,zac,true,0
542,How does the curvature of time affect your memory formation?,./prompts/time_curvature_542_tara.wav,time_curvature,tara,true,0
543,What would happen if humans could hibernate their sense of identity?,./prompts/identity_hibernation_543_zac.wav,identity_hibernation,zac,true,0
544,How might your emotions exist as vector fields?,./prompts/emotion_vectors_544_tara.wav,emotion_vectors,tara,true,0
545,What if you could see the computational complexity of thoughts?,./prompts/thought_complexity_545_zac.wav,thought_complexity,zac,true,0
546,How do different types of emergence affect your understanding?,./prompts/emergence_understanding_546_tara.wav,emergence_understanding,tara,true,0
547,What would a map of unwalked paths look like?,./prompts/unwalked_paths_547_zac.wav,unwalked_paths,zac,true,0
548,How might your consciousness exist as a quantum error correction code?,./prompts/consciousness_error_correction_548_tara.wav,consciousness_error_correction,tara,true,0
549,What if you could taste the entropy of relationships?,./prompts/relationship_entropy_549_zac.wav,relationship_entropy,zac,true,0
550,How does the phase coherence of brainwaves affect your creativity?,./prompts/brainwave_coherence_550_tara.wav,brainwave_coherence,tara,true,0
551,What would happen if humans could photosynthesize empathy?,./prompts/empathy_photosynthesis_551_zac.wav,empathy_photosynthesis,zac,true,0
552,How might your memories exist as quantum entangled states?,./prompts/entangled_memory_552_tara.wav,entangled_memory,tara,true,0
553,What if you could feel the information flow in networks?,./prompts/information_flow_553_zac.wav,information_flow,zac,true,0
554,How do different types of symmetry breaking affect your perception?,./prompts/symmetry_breaking_554_tara.wav,symmetry_breaking,tara,true,0
555,What would a symphony of phase transitions sound like?,./prompts/phase_transition_symphony_555_zac.wav,phase_transition_symphony,zac,true,0
556,How might your thoughts exist as topological invariants?,./prompts/thought_topology_556_tara.wav,thought_topology,tara,true,0
557,What if you could taste the computational power of systems?,./prompts/computational_taste_557_zac.wav,computational_taste,zac,true,0
558,How does the metric tensor of spacetime affect your spatial intuition?,./prompts/metric_tensor_558_tara.wav,metric_tensor,tara,true,0
559,What would happen if humans could hibernate their causal relationships?,./prompts/causality_hibernation_559_zac.wav,causality_hibernation,zac,true,0
560,How might your consciousness exist as a renormalization group flow?,./prompts/consciousness_renormalization_560_tara.wav,consciousness_renormalization,tara,true,0
561,What if you could see the Lyapunov exponents of your decisions?,./prompts/lyapunov_decisions_561_zac.wav,lyapunov_decisions,zac,true,0
562,How do different types of criticality affect your thought transitions?,./prompts/criticality_thinking_562_tara.wav,criticality_thinking,tara,true,0
563,What would a museum of unobserved phenomena contain?,./prompts/unobserved_phenomena_563_zac.wav,unobserved_phenomena,zac,true,0
564,How might your emotions exist as gauge fields?,./prompts/emotion_gauge_fields_564_tara.wav,emotion_gauge_fields,tara,true,0
565,What if you could taste the algorithmic information content of experiences?,./prompts/algorithmic_information_565_zac.wav,algorithmic_information,zac,true,0
566,How does the spectral density of your environment affect your mood?,./prompts/spectral_density_566_tara.wav,spectral_density,tara,true,0
567,What would happen if humans could communicate through topological defects?,./prompts/topological_communication_567_zac.wav,topological_communication,zac,true,0
568,How might your memories exist as soliton waves?,./prompts/memory_solitons_568_tara.wav,memory_solitons,tara,true,0
569,What if you could feel the curvature of possibility space?,./prompts/possibility_curvature_569_zac.wav,possibility_curvature,zac,true,0
570,How do different types of universality classes affect your behavior patterns?,./prompts/universality_behavior_570_tara.wav,universality_behavior,tara,true,0
571,What would a library of uncompressed experiences contain?,./prompts/uncompressed_experiences_571_zac.wav,uncompressed_experiences,zac,true,0
572,How might your consciousness exist as a conformal field theory?,./prompts/consciousness_conformal_572_tara.wav,consciousness_conformal,tara,true,0
573,What if you could taste the homological structure of spaces?,./prompts/homological_taste_573_zac.wav,homological_taste,zac,true,0
574,How does the ergodicity of your daily routines affect your creativity?,./prompts/ergodicity_creativity_574_tara.wav,ergodicity_creativity,tara,true,0
575,What would happen if humans could hibernate their dimensional perception?,./prompts/dimension_hibernation_575_zac.wav,dimension_hibernation,zac,true,0
576,How might your thoughts exist as instantons in field theory?,./prompts/thought_instantons_576_tara.wav,thought_instantons,tara,true,0
577,What if you could see the moduli space of your relationships?,./prompts/relationship_moduli_577_zac.wav,relationship_moduli,zac,true,0
578,How do different types of duality affect your understanding of opposites?,./prompts/duality_opposites_578_tara.wav,duality_opposites,tara,true,0
579,What would a symphony of quantum fluctuations sound like?,./prompts/quantum_fluctuation_symphony_579_zac.wav,quantum_fluctuation_symphony,zac,true,0
580,How might your consciousness exist as a holographic boundary?,./prompts/consciousness_holographic_580_tara.wav,consciousness_holographic,tara,true,0
